{"cameraMode":{"drawMode":0,"name":"Shaded","section":"Shading Mode"},"sceneLighting":true,"audioPlay":false,"sceneViewState":{"m_AlwaysRefresh":false,"showFog":true,"showSkybox":true,"showFlares":true,"showImageEffects":true,"showParticleSystems":true,"showVisualEffectGraphs":true,"m_FxEnabled":true},"in2DMode":false,"pivot":{"x":7.244101047515869,"y":-32.371063232421878,"z":119.95670318603516},"rotation":{"x":-0.22301936149597169,"y":-0.02746378257870674,"z":0.006344261113554239,"w":-0.9744288325309753},"size":41.26448440551758,"orthographic":false}