{"cameraMode":{"drawMode":0,"name":"Shaded","section":"Shading Mode"},"sceneLighting":false,"audioPlay":false,"sceneViewState":{"m_AlwaysRefresh":false,"showFog":true,"showSkybox":false,"showFlares":true,"showImageEffects":true,"showParticleSystems":true,"showVisualEffectGraphs":true,"m_FxEnabled":true},"in2DMode":false,"pivot":{"x":1.281293511390686,"y":1.9999942779541016,"z":1.718762993812561},"rotation":{"x":-0.4387191832065582,"y":-0.01536969281733036,"z":0.007505612447857857,"w":-0.8985381126403809},"size":3.1477956771850588,"orthographic":false}